day,date,listed,called,reached,heard,minutes_used,type_switches,arm
1,2026-10-01,50,37,37,10,330.0,21,Today's rules
2,2026-10-05,50,21,21,11,330.0,6,Today's rules
3,2026-10-06,50,33,33,11,330.0,20,Today's rules
4,2026-10-07,50,29,29,12,326.85623959680316,11,Today's rules
5,2026-10-08,50,28,28,9,330.0,14,Today's rules
6,2026-10-09,50,29,29,10,318.56782157591635,16,Today's rules
7,2026-10-12,50,33,33,12,330.0,19,Today's rules
8,2026-10-13,50,28,28,11,322.43876424367676,15,Today's rules
9,2026-10-14,50,26,26,11,330.0,12,Today's rules
10,2026-10-15,50,36,36,8,327.04019310538297,20,Today's rules
11,2026-10-16,50,30,30,12,330.0,16,Today's rules
12,2026-10-19,50,32,32,9,267.48979042670993,18,Today's rules
13,2026-10-21,50,29,29,9,330.0,15,Today's rules
14,2026-10-22,50,48,48,6,313.9457977411774,26,Today's rules
15,2026-10-23,50,22,22,12,330.0,11,Today's rules
16,2026-10-26,50,26,26,13,330.0,17,Today's rules
17,2026-10-27,50,22,22,11,322.7933815084618,13,Today's rules
18,2026-10-28,50,24,24,10,330.0,15,Today's rules
19,2026-10-29,50,33,33,12,330.0,12,Today's rules
20,2026-10-30,50,29,29,12,329.8489981442793,16,Today's rules
21,2026-11-02,50,40,40,8,318.63672594793144,17,Today's rules
22,2026-11-03,50,28,28,10,328.13776437232684,15,Today's rules
23,2026-11-04,50,38,38,9,318.00713426216726,18,Today's rules
24,2026-11-05,50,27,27,11,330.0,19,Today's rules
25,2026-11-06,50,30,30,10,330.0,19,Today's rules
26,2026-11-10,50,24,24,13,327.29391397507044,10,Today's rules
27,2026-11-11,50,22,22,16,330.0,8,Today's rules
28,2026-11-12,50,30,30,12,330.0,18,Today's rules
29,2026-11-13,50,19,19,10,320.4360811901938,10,Today's rules
30,2026-11-16,50,33,33,13,330.0,15,Today's rules
31,2026-11-17,50,33,33,9,317.28049929569465,22,Today's rules
32,2026-11-18,50,36,36,10,300.66428044482643,20,Today's rules
33,2026-11-19,50,30,30,9,330.0,15,Today's rules
34,2026-11-20,50,30,30,10,330.0,16,Today's rules
35,2026-11-23,50,33,33,11,330.0,18,Today's rules
36,2026-11-24,50,31,31,7,319.4200481212996,11,Today's rules
37,2026-11-25,50,21,21,13,330.0,7,Today's rules
38,2026-11-26,50,26,26,10,324.0880858371479,11,Today's rules
39,2026-11-27,50,23,23,11,330.0,16,Today's rules
40,2026-11-30,50,28,28,10,328.97149838512667,20,Today's rules
41,2026-12-01,50,36,36,8,330.0,19,Today's rules
42,2026-12-02,50,23,23,12,328.33327147993936,15,Today's rules
43,2026-12-03,50,27,27,10,326.01328952407425,13,Today's rules
44,2026-12-04,60,39,39,9,330.0,19,Today's rules
45,2026-12-07,60,31,31,12,330.0,17,Today's rules
46,2026-12-08,60,27,27,13,329.24973165123345,9,Today's rules
47,2026-12-09,60,36,36,11,323.2248992221366,18,Today's rules
48,2026-12-10,60,36,36,8,330.0,14,Today's rules
49,2026-12-11,60,34,34,9,330.0,16,Today's rules
50,2026-12-14,60,25,25,11,318.44109222549537,12,Today's rules
51,2026-12-15,60,27,27,11,322.2900942065902,10,Today's rules
52,2026-12-16,60,28,28,11,318.5210033708729,15,Today's rules
53,2026-12-17,60,41,41,10,330.0,18,Today's rules
54,2026-12-18,60,31,31,8,319.51835488423217,18,Today's rules
55,2026-12-21,60,31,31,11,322.11605824927585,17,Today's rules
56,2026-12-22,60,32,32,11,320.0153626658987,15,Today's rules
57,2026-12-23,60,36,36,9,330.0,18,Today's rules
58,2026-12-24,60,22,22,10,328.1371641486727,11,Today's rules
59,2026-12-25,60,36,36,13,330.0,14,Today's rules
60,2026-12-28,60,27,27,11,298.72366514023804,13,Today's rules
1,2026-10-01,29,29,29,9,256.10371407489436,13,Ready-to-List
2,2026-10-05,19,18,18,13,330.0,7,Ready-to-List
3,2026-10-06,24,24,24,14,330.0,10,Ready-to-List
4,2026-10-07,20,19,19,13,323.74897658561446,7,Ready-to-List
5,2026-10-08,24,23,23,16,327.7730061210676,7,Ready-to-List
6,2026-10-09,21,20,20,11,318.0357305049914,7,Ready-to-List
7,2026-10-12,20,20,20,16,330.0,5,Ready-to-List
8,2026-10-13,17,16,16,12,330.0,6,Ready-to-List
9,2026-10-14,19,19,19,14,330.0,4,Ready-to-List
10,2026-10-15,23,23,23,12,330.0,6,Ready-to-List
11,2026-10-16,21,21,21,13,330.0,5,Ready-to-List
12,2026-10-19,19,19,19,14,324.6689459058525,5,Ready-to-List
13,2026-10-21,21,21,21,16,318.0318602737172,8,Ready-to-List
14,2026-10-22,23,22,22,12,330.0,6,Ready-to-List
15,2026-10-23,21,21,21,13,329.763553311945,9,Ready-to-List
16,2026-10-26,24,24,24,15,330.0,5,Ready-to-List
17,2026-10-27,23,23,23,15,330.0,7,Ready-to-List
18,2026-10-28,17,17,17,14,330.0,5,Ready-to-List
19,2026-10-29,23,23,23,13,330.0,6,Ready-to-List
20,2026-10-30,18,18,18,15,330.0,4,Ready-to-List
21,2026-11-02,19,19,19,15,330.0,3,Ready-to-List
22,2026-11-03,22,22,22,11,326.9299828311627,5,Ready-to-List
23,2026-11-04,27,27,27,16,330.0,6,Ready-to-List
24,2026-11-05,18,18,18,15,330.0,5,Ready-to-List
25,2026-11-06,22,22,22,15,330.0,7,Ready-to-List
26,2026-11-10,17,17,17,15,330.0,2,Ready-to-List
27,2026-11-11,22,22,22,17,330.0,7,Ready-to-List
28,2026-11-12,16,16,16,14,330.0,4,Ready-to-List
29,2026-11-13,21,21,21,15,330.0,6,Ready-to-List
30,2026-11-16,23,23,23,16,329.7667008964722,7,Ready-to-List
31,2026-11-17,17,17,17,16,330.0,5,Ready-to-List
32,2026-11-18,21,21,21,15,330.0,7,Ready-to-List
33,2026-11-19,23,23,23,13,329.8904434935982,6,Ready-to-List
34,2026-11-20,22,22,22,11,330.0,5,Ready-to-List
35,2026-11-23,21,21,21,15,330.0,5,Ready-to-List
36,2026-11-24,19,19,19,14,330.0,6,Ready-to-List
37,2026-11-25,24,24,24,12,323.6021975439593,11,Ready-to-List
38,2026-11-26,19,19,19,13,330.0,5,Ready-to-List
39,2026-11-27,18,18,18,14,330.0,5,Ready-to-List
40,2026-11-30,21,21,21,16,330.0,5,Ready-to-List
41,2026-12-01,20,20,20,11,330.0,4,Ready-to-List
42,2026-12-02,18,18,18,14,330.0,4,Ready-to-List
43,2026-12-03,17,17,17,13,330.0,4,Ready-to-List
44,2026-12-04,20,20,20,12,330.0,5,Ready-to-List
45,2026-12-07,21,21,21,14,330.0,4,Ready-to-List
46,2026-12-08,17,17,17,14,330.0,4,Ready-to-List
47,2026-12-09,22,22,22,14,330.0,5,Ready-to-List
48,2026-12-10,19,19,19,14,330.0,5,Ready-to-List
49,2026-12-11,21,21,21,13,330.0,5,Ready-to-List
50,2026-12-14,23,23,23,13,324.1418223104807,6,Ready-to-List
51,2026-12-15,18,18,18,14,330.0,3,Ready-to-List
52,2026-12-16,19,19,19,16,325.4957807635151,4,Ready-to-List
53,2026-12-17,22,22,22,13,324.4429033336942,5,Ready-to-List
54,2026-12-18,22,22,22,11,329.3771441952126,6,Ready-to-List
55,2026-12-21,21,21,21,12,325.67914424308117,6,Ready-to-List
56,2026-12-22,19,16,16,12,324.7531265500013,3,Ready-to-List
57,2026-12-23,20,20,20,13,320.40646877545294,6,Ready-to-List
58,2026-12-24,23,23,23,13,321.50030676824514,6,Ready-to-List
59,2026-12-25,21,21,21,15,327.9747457636772,5,Ready-to-List
60,2026-12-28,20,20,20,11,325.4297851532463,4,Ready-to-List
1,2026-10-01,27,25,25,11,290.0535262082097,12,Without process tracking
2,2026-10-05,24,24,24,11,330.0,11,Without process tracking
3,2026-10-06,22,22,22,12,321.4618810669905,8,Without process tracking
4,2026-10-07,19,19,19,13,330.0,5,Without process tracking
5,2026-10-08,22,17,17,14,330.0,5,Without process tracking
6,2026-10-09,22,22,22,12,330.0,8,Without process tracking
7,2026-10-12,20,20,20,13,330.0,7,Without process tracking
8,2026-10-13,19,19,19,11,330.0,5,Without process tracking
9,2026-10-14,21,21,21,15,330.0,8,Without process tracking
10,2026-10-15,23,23,23,11,317.4965427912749,6,Without process tracking
11,2026-10-16,18,18,18,13,330.0,5,Without process tracking
12,2026-10-19,19,18,18,12,321.9318185903976,7,Without process tracking
13,2026-10-21,18,18,18,15,330.0,4,Without process tracking
14,2026-10-22,24,24,24,12,326.5774541082457,7,Without process tracking
15,2026-10-23,23,23,23,15,330.0,7,Without process tracking
16,2026-10-26,21,21,21,14,330.0,7,Without process tracking
17,2026-10-27,18,18,18,12,319.31507512554697,3,Without process tracking
18,2026-10-28,18,18,18,12,330.0,5,Without process tracking
19,2026-10-29,23,23,23,16,330.0,7,Without process tracking
20,2026-10-30,21,21,21,15,330.0,3,Without process tracking
21,2026-11-02,18,18,18,15,328.4618967731076,4,Without process tracking
22,2026-11-03,26,26,26,15,323.9916120466429,7,Without process tracking
23,2026-11-04,25,25,25,12,330.0,6,Without process tracking
24,2026-11-05,22,22,22,16,330.0,6,Without process tracking
25,2026-11-06,21,21,21,16,330.0,7,Without process tracking
26,2026-11-10,19,19,19,16,330.0,5,Without process tracking
27,2026-11-11,21,21,21,14,330.0,4,Without process tracking
28,2026-11-12,19,19,19,14,326.87589375793436,5,Without process tracking
29,2026-11-13,19,19,19,16,330.0,5,Without process tracking
30,2026-11-16,19,19,19,15,317.7378052329888,6,Without process tracking
31,2026-11-17,16,16,16,15,330.0,3,Without process tracking
32,2026-11-18,22,22,22,14,328.56442766660484,5,Without process tracking
33,2026-11-19,26,26,26,14,330.0,6,Without process tracking
34,2026-11-20,20,18,18,14,330.0,5,Without process tracking
35,2026-11-23,20,20,20,17,330.0,6,Without process tracking
36,2026-11-24,21,21,21,13,329.170462449821,4,Without process tracking
37,2026-11-25,23,23,23,13,330.0,8,Without process tracking
38,2026-11-26,19,16,16,12,330.0,5,Without process tracking
39,2026-11-27,18,18,18,15,330.0,5,Without process tracking
40,2026-11-30,21,21,21,14,325.4916718261199,7,Without process tracking
41,2026-12-01,21,18,18,13,330.0,3,Without process tracking
42,2026-12-02,20,20,20,14,325.57451182939286,3,Without process tracking
43,2026-12-03,18,18,18,14,329.8873962616294,5,Without process tracking
44,2026-12-04,23,23,23,15,330.0,5,Without process tracking
45,2026-12-07,17,17,17,14,330.0,5,Without process tracking
46,2026-12-08,18,18,18,15,330.0,4,Without process tracking
47,2026-12-09,22,22,22,15,330.0,7,Without process tracking
48,2026-12-10,21,21,21,15,330.0,5,Without process tracking
49,2026-12-11,19,18,18,12,327.51008198114323,3,Without process tracking
50,2026-12-14,19,16,16,11,330.0,5,Without process tracking
51,2026-12-15,19,19,19,13,330.0,4,Without process tracking
52,2026-12-16,23,23,23,13,330.0,4,Without process tracking
53,2026-12-17,19,19,19,11,330.0,5,Without process tracking
54,2026-12-18,22,22,22,13,330.0,5,Without process tracking
55,2026-12-21,17,17,17,14,330.0,5,Without process tracking
56,2026-12-22,19,19,19,12,323.40416192096615,3,Without process tracking
57,2026-12-23,19,19,19,13,321.8652694123038,5,Without process tracking
58,2026-12-24,25,25,25,13,330.0,8,Without process tracking
59,2026-12-25,17,14,14,12,316.7911675362965,3,Without process tracking
60,2026-12-28,19,19,19,15,330.0,6,Without process tracking
1,2026-10-01,33,33,33,7,220.66362952877714,13,Without intent check
2,2026-10-05,19,17,17,12,330.0,5,Without intent check
3,2026-10-06,21,20,20,11,319.9768994316049,6,Without intent check
4,2026-10-07,19,15,15,14,330.0,3,Without intent check
5,2026-10-08,20,20,20,13,329.29427537886136,6,Without intent check
6,2026-10-09,27,27,27,13,330.0,8,Without intent check
7,2026-10-12,25,25,25,13,330.0,9,Without intent check
8,2026-10-13,24,23,23,9,310.5713496237713,6,Without intent check
9,2026-10-14,21,21,21,13,330.0,5,Without intent check
10,2026-10-15,19,19,19,13,330.0,5,Without intent check
11,2026-10-16,18,17,17,15,330.0,3,Without intent check
12,2026-10-19,18,18,18,14,330.0,3,Without intent check
13,2026-10-21,24,24,24,16,330.0,7,Without intent check
14,2026-10-22,20,20,20,16,330.0,5,Without intent check
15,2026-10-23,19,19,19,13,320.9123203038478,5,Without intent check
16,2026-10-26,20,20,20,15,330.0,5,Without intent check
17,2026-10-27,20,20,20,14,330.0,4,Without intent check
18,2026-10-28,20,20,20,15,330.0,6,Without intent check
19,2026-10-29,23,23,23,14,322.4080052997917,6,Without intent check
20,2026-10-30,23,23,23,16,330.0,6,Without intent check
21,2026-11-02,18,18,18,16,330.0,6,Without intent check
22,2026-11-03,22,22,22,13,321.5196705151142,5,Without intent check
23,2026-11-04,25,25,25,14,318.19423502903777,6,Without intent check
24,2026-11-05,22,22,22,14,330.0,7,Without intent check
25,2026-11-06,19,19,19,14,327.5200669457515,6,Without intent check
26,2026-11-10,19,19,19,15,330.0,3,Without intent check
27,2026-11-11,23,23,23,15,330.0,5,Without intent check
28,2026-11-12,18,18,18,14,330.0,5,Without intent check
29,2026-11-13,19,19,19,15,330.0,5,Without intent check
30,2026-11-16,19,19,19,14,330.0,5,Without intent check
31,2026-11-17,16,16,16,15,330.0,1,Without intent check
32,2026-11-18,22,22,22,17,330.0,4,Without intent check
33,2026-11-19,23,23,23,14,330.0,6,Without intent check
34,2026-11-20,20,20,20,11,330.0,4,Without intent check
35,2026-11-23,18,18,18,15,330.0,3,Without intent check
36,2026-11-24,22,22,22,13,330.0,5,Without intent check
37,2026-11-25,19,19,19,13,330.0,5,Without intent check
38,2026-11-26,20,20,20,14,330.0,7,Without intent check
39,2026-11-27,20,20,20,15,322.14813871652285,5,Without intent check
40,2026-11-30,18,17,17,15,323.5977762377843,2,Without intent check
41,2026-12-01,21,21,21,12,330.0,4,Without intent check
42,2026-12-02,17,17,17,13,330.0,3,Without intent check
43,2026-12-03,20,20,20,15,330.0,4,Without intent check
44,2026-12-04,22,22,22,15,330.0,4,Without intent check
45,2026-12-07,20,20,20,16,330.0,5,Without intent check
46,2026-12-08,20,19,19,13,330.0,4,Without intent check
47,2026-12-09,17,16,16,11,321.0100654388713,3,Without intent check
48,2026-12-10,15,14,14,13,328.2806008058966,2,Without intent check
49,2026-12-11,20,20,20,13,329.6719411593382,4,Without intent check
50,2026-12-14,20,16,16,14,330.0,2,Without intent check
51,2026-12-15,19,19,19,13,330.0,6,Without intent check
52,2026-12-16,21,21,21,13,330.0,6,Without intent check
53,2026-12-17,22,22,22,14,330.0,4,Without intent check
54,2026-12-18,22,22,22,14,328.63019880111693,7,Without intent check
55,2026-12-21,19,18,18,13,330.0,5,Without intent check
56,2026-12-22,23,23,23,14,330.0,7,Without intent check
57,2026-12-23,19,17,17,13,330.0,2,Without intent check
58,2026-12-24,20,20,20,16,330.0,6,Without intent check
59,2026-12-25,19,19,19,14,330.0,5,Without intent check
60,2026-12-28,21,21,21,14,330.0,5,Without intent check
1,2026-10-01,29,29,29,8,228.45314958370003,11,Without fixed slot cluster
2,2026-10-05,23,23,23,11,330.0,6,Without fixed slot cluster
3,2026-10-06,24,21,21,12,330.0,7,Without fixed slot cluster
4,2026-10-07,21,21,21,14,330.0,6,Without fixed slot cluster
5,2026-10-08,23,23,23,13,330.0,8,Without fixed slot cluster
6,2026-10-09,22,19,19,11,320.83851212805797,6,Without fixed slot cluster
7,2026-10-12,21,21,21,16,330.0,7,Without fixed slot cluster
8,2026-10-13,19,17,17,11,324.4115249977864,5,Without fixed slot cluster
9,2026-10-14,20,20,20,12,327.06083594129825,7,Without fixed slot cluster
10,2026-10-15,23,23,23,13,330.0,6,Without fixed slot cluster
11,2026-10-16,19,18,18,15,330.0,4,Without fixed slot cluster
12,2026-10-19,19,19,19,15,330.0,5,Without fixed slot cluster
13,2026-10-21,23,23,23,15,330.0,7,Without fixed slot cluster
14,2026-10-22,26,26,26,11,327.2445373138074,9,Without fixed slot cluster
15,2026-10-23,23,23,23,14,330.0,7,Without fixed slot cluster
16,2026-10-26,23,23,23,13,327.03107850636053,6,Without fixed slot cluster
17,2026-10-27,20,19,19,13,316.03896513182116,5,Without fixed slot cluster
18,2026-10-28,23,23,23,15,330.0,6,Without fixed slot cluster
19,2026-10-29,24,24,24,12,320.4185272967993,7,Without fixed slot cluster
20,2026-10-30,19,19,19,14,330.0,5,Without fixed slot cluster
21,2026-11-02,20,20,20,15,330.0,6,Without fixed slot cluster
22,2026-11-03,28,28,28,14,330.0,7,Without fixed slot cluster
23,2026-11-04,26,26,26,14,330.0,6,Without fixed slot cluster
24,2026-11-05,22,22,22,12,319.6285894477344,7,Without fixed slot cluster
25,2026-11-06,17,17,17,14,330.0,5,Without fixed slot cluster
26,2026-11-10,18,18,18,16,330.0,5,Without fixed slot cluster
27,2026-11-11,22,22,22,15,330.0,6,Without fixed slot cluster
28,2026-11-12,21,21,21,13,330.0,4,Without fixed slot cluster
29,2026-11-13,21,21,21,13,330.0,7,Without fixed slot cluster
30,2026-11-16,18,18,18,14,330.0,5,Without fixed slot cluster
31,2026-11-17,16,16,16,14,320.02941250444985,3,Without fixed slot cluster
32,2026-11-18,23,23,23,15,321.3431762713167,5,Without fixed slot cluster
33,2026-11-19,27,27,27,11,316.89359316259635,6,Without fixed slot cluster
34,2026-11-20,23,21,21,9,330.0,5,Without fixed slot cluster
35,2026-11-23,18,17,17,14,323.1668555425799,4,Without fixed slot cluster
36,2026-11-24,22,19,19,11,329.49829930594507,7,Without fixed slot cluster
37,2026-11-25,25,25,25,11,329.19961959914394,7,Without fixed slot cluster
38,2026-11-26,24,24,24,12,330.0,7,Without fixed slot cluster
39,2026-11-27,19,19,19,13,330.0,6,Without fixed slot cluster
40,2026-11-30,18,18,18,12,322.6824338905669,5,Without fixed slot cluster
41,2026-12-01,25,25,25,14,325.1563472870913,5,Without fixed slot cluster
42,2026-12-02,21,21,21,14,330.0,4,Without fixed slot cluster
43,2026-12-03,22,22,22,11,330.0,5,Without fixed slot cluster
44,2026-12-04,27,27,27,14,330.0,7,Without fixed slot cluster
45,2026-12-07,22,22,22,15,330.0,6,Without fixed slot cluster
46,2026-12-08,22,22,22,16,330.0,5,Without fixed slot cluster
47,2026-12-09,21,21,21,12,330.0,5,Without fixed slot cluster
48,2026-12-10,24,24,24,15,330.0,4,Without fixed slot cluster
49,2026-12-11,22,22,22,13,330.0,5,Without fixed slot cluster
50,2026-12-14,22,22,22,13,330.0,7,Without fixed slot cluster
51,2026-12-15,17,17,17,13,330.0,3,Without fixed slot cluster
52,2026-12-16,29,29,29,13,330.0,8,Without fixed slot cluster
53,2026-12-17,27,27,27,14,329.89743760882925,1,Without fixed slot cluster
54,2026-12-18,24,24,24,11,330.0,4,Without fixed slot cluster
55,2026-12-21,20,20,20,12,330.0,4,Without fixed slot cluster
56,2026-12-22,23,23,23,17,330.0,7,Without fixed slot cluster
57,2026-12-23,24,24,24,14,330.0,7,Without fixed slot cluster
58,2026-12-24,25,24,24,12,330.0,5,Without fixed slot cluster
59,2026-12-25,22,22,22,13,330.0,3,Without fixed slot cluster
60,2026-12-28,22,22,22,14,330.0,5,Without fixed slot cluster
1,2026-10-01,31,31,31,8,214.2973964926698,11,Without text signals
2,2026-10-05,20,20,20,14,330.0,7,Without text signals
3,2026-10-06,22,22,22,14,330.0,9,Without text signals
4,2026-10-07,20,18,18,13,323.3692400905098,7,Without text signals
5,2026-10-08,22,22,22,13,320.95635440726653,6,Without text signals
6,2026-10-09,20,20,20,11,330.0,6,Without text signals
7,2026-10-12,20,20,20,15,324.85999421258043,8,Without text signals
8,2026-10-13,22,22,22,12,326.72930865183656,7,Without text signals
9,2026-10-14,18,18,18,13,330.0,5,Without text signals
10,2026-10-15,22,22,22,11,329.3899518617155,8,Without text signals
11,2026-10-16,23,23,23,14,328.03530071288446,9,Without text signals
12,2026-10-19,19,19,19,16,330.0,7,Without text signals
13,2026-10-21,21,21,21,16,327.05483536391324,6,Without text signals
14,2026-10-22,22,22,22,17,330.0,8,Without text signals
15,2026-10-23,20,20,20,13,330.0,6,Without text signals
16,2026-10-26,19,18,18,10,330.0,6,Without text signals
17,2026-10-27,19,19,19,13,330.0,8,Without text signals
18,2026-10-28,20,19,19,14,330.0,8,Without text signals
19,2026-10-29,25,25,25,12,326.55306566730303,8,Without text signals
20,2026-10-30,20,20,20,14,330.0,7,Without text signals
21,2026-11-02,18,17,17,15,329.8833931118804,4,Without text signals
22,2026-11-03,23,23,23,12,320.1240925507171,9,Without text signals
23,2026-11-04,25,25,25,13,328.5740658061651,7,Without text signals
24,2026-11-05,23,23,23,13,330.0,7,Without text signals
25,2026-11-06,19,19,19,14,330.0,7,Without text signals
26,2026-11-10,18,18,18,14,330.0,3,Without text signals
27,2026-11-11,22,22,22,15,330.0,7,Without text signals
28,2026-11-12,18,18,18,14,329.3431849062023,5,Without text signals
29,2026-11-13,17,16,16,13,324.6591500426198,5,Without text signals
30,2026-11-16,21,21,21,16,330.0,5,Without text signals
31,2026-11-17,18,18,18,13,323.2582995950608,7,Without text signals
32,2026-11-18,18,18,18,14,330.0,5,Without text signals
33,2026-11-19,26,26,26,13,325.2962917599156,11,Without text signals
34,2026-11-20,26,26,26,15,330.0,7,Without text signals
35,2026-11-23,16,16,16,14,330.0,6,Without text signals
36,2026-11-24,22,22,22,11,330.0,8,Without text signals
37,2026-11-25,20,19,19,13,330.0,6,Without text signals
38,2026-11-26,20,20,20,12,330.0,7,Without text signals
39,2026-11-27,16,15,15,13,322.9973099788924,5,Without text signals
40,2026-11-30,18,18,18,13,322.80893987540173,5,Without text signals
41,2026-12-01,25,25,25,15,330.0,9,Without text signals
42,2026-12-02,19,19,19,15,330.0,6,Without text signals
43,2026-12-03,18,18,18,13,330.0,5,Without text signals
44,2026-12-04,23,23,23,14,330.0,10,Without text signals
45,2026-12-07,21,21,21,13,319.5055392232764,5,Without text signals
46,2026-12-08,19,19,19,14,325.491394289533,7,Without text signals
47,2026-12-09,19,19,19,14,327.35945496509487,7,Without text signals
48,2026-12-10,22,22,22,14,330.0,8,Without text signals
49,2026-12-11,22,22,22,15,330.0,8,Without text signals
50,2026-12-14,21,21,21,13,320.39937076784514,5,Without text signals
51,2026-12-15,21,21,21,13,330.0,6,Without text signals
52,2026-12-16,22,22,22,12,330.0,8,Without text signals
53,2026-12-17,22,22,22,13,330.0,9,Without text signals
54,2026-12-18,23,20,20,14,327.85147522064455,5,Without text signals
55,2026-12-21,19,19,19,13,330.0,6,Without text signals
56,2026-12-22,21,17,17,12,330.0,5,Without text signals
57,2026-12-23,20,20,20,14,330.0,6,Without text signals
58,2026-12-24,25,25,25,14,330.0,10,Without text signals
59,2026-12-25,20,20,20,15,330.0,6,Without text signals
60,2026-12-28,15,15,15,11,330.0,4,Without text signals
1,2026-10-01,45,33,33,11,330.0,21,Without optimiser
2,2026-10-05,55,21,21,13,330.0,7,Without optimiser
3,2026-10-06,60,25,25,11,321.2573824651217,12,Without optimiser
4,2026-10-07,60,35,35,12,330.0,17,Without optimiser
5,2026-10-08,60,25,25,13,330.0,9,Without optimiser
6,2026-10-09,60,36,36,13,330.0,10,Without optimiser
7,2026-10-12,60,22,22,6,300.0375948620987,12,Without optimiser
8,2026-10-13,60,25,25,12,330.0,10,Without optimiser
9,2026-10-14,60,25,25,10,330.0,12,Without optimiser
10,2026-10-15,60,29,29,9,288.575563419378,10,Without optimiser
11,2026-10-16,60,40,40,11,317.5551996089373,12,Without optimiser
12,2026-10-19,60,26,26,16,330.0,10,Without optimiser
13,2026-10-21,60,30,30,11,324.0491723948973,16,Without optimiser
14,2026-10-22,60,26,26,12,322.9874492995426,9,Without optimiser
15,2026-10-23,60,25,25,9,274.3021824127766,10,Without optimiser
16,2026-10-26,60,25,25,10,319.1718637685719,13,Without optimiser
17,2026-10-27,60,31,31,11,330.0,15,Without optimiser
18,2026-10-28,60,23,23,10,330.0,10,Without optimiser
19,2026-10-29,60,47,47,10,314.4553797260982,10,Without optimiser
20,2026-10-30,60,27,27,11,321.58898415900904,13,Without optimiser
21,2026-11-02,60,31,31,10,330.0,14,Without optimiser
22,2026-11-03,60,29,29,12,330.0,11,Without optimiser
23,2026-11-04,60,37,37,12,330.0,14,Without optimiser
24,2026-11-05,60,32,32,8,285.01973927989064,8,Without optimiser
25,2026-11-06,60,29,29,13,320.28400124809116,13,Without optimiser
26,2026-11-10,60,25,25,13,317.7335185546579,11,Without optimiser
27,2026-11-11,60,28,28,14,330.0,12,Without optimiser
28,2026-11-12,60,26,26,13,330.0,8,Without optimiser
29,2026-11-13,60,40,40,11,324.19370216092796,18,Without optimiser
30,2026-11-16,60,28,28,11,330.0,7,Without optimiser
31,2026-11-17,60,29,29,9,325.09225631494877,18,Without optimiser
32,2026-11-18,60,30,30,12,330.0,12,Without optimiser
33,2026-11-19,60,26,26,9,297.6858061302126,9,Without optimiser
34,2026-11-20,60,29,29,9,330.0,14,Without optimiser
35,2026-11-23,60,21,21,11,330.0,10,Without optimiser
36,2026-11-24,60,29,29,11,330.0,16,Without optimiser
37,2026-11-25,60,37,37,11,330.0,20,Without optimiser
38,2026-11-26,60,25,25,14,330.0,11,Without optimiser
39,2026-11-27,60,21,21,9,298.49198664755454,9,Without optimiser
40,2026-11-30,60,27,27,10,330.0,7,Without optimiser
41,2026-12-01,60,29,29,7,279.65609633071784,12,Without optimiser
42,2026-12-02,60,26,26,13,329.45105782219537,11,Without optimiser
43,2026-12-03,60,24,24,15,330.0,7,Without optimiser
44,2026-12-04,60,30,30,12,321.9471341267292,12,Without optimiser
45,2026-12-07,60,24,24,11,330.0,10,Without optimiser
46,2026-12-08,60,28,28,12,330.0,11,Without optimiser
47,2026-12-09,60,31,31,11,330.0,13,Without optimiser
48,2026-12-10,60,27,27,10,330.0,11,Without optimiser
49,2026-12-11,60,28,28,12,319.3579090390772,10,Without optimiser
50,2026-12-14,60,28,28,9,316.56437198261267,12,Without optimiser
51,2026-12-15,60,34,34,12,324.0110819648014,16,Without optimiser
52,2026-12-16,60,38,38,7,276.2756309273734,16,Without optimiser
53,2026-12-17,60,17,17,9,330.0,6,Without optimiser
54,2026-12-18,60,30,30,13,321.99348758523865,12,Without optimiser
55,2026-12-21,60,25,25,10,319.54063003410147,14,Without optimiser
56,2026-12-22,60,30,30,9,300.8487224314107,14,Without optimiser
57,2026-12-23,60,25,25,9,284.1236375822423,13,Without optimiser
58,2026-12-24,60,24,24,10,330.0,7,Without optimiser
59,2026-12-25,60,19,19,10,317.485632103136,9,Without optimiser
60,2026-12-28,60,21,21,10,330.0,10,Without optimiser
1,2026-10-01,29,29,29,9,256.10371407489436,13,Without smart next date
2,2026-10-05,22,22,22,11,330.0,8,Without smart next date
3,2026-10-06,22,22,22,12,325.42626950014403,9,Without smart next date
4,2026-10-07,19,19,19,14,330.0,7,Without smart next date
5,2026-10-08,24,22,22,16,323.5995744317761,6,Without smart next date
6,2026-10-09,20,20,20,12,330.0,8,Without smart next date
7,2026-10-12,21,21,21,16,330.0,8,Without smart next date
8,2026-10-13,21,21,21,13,330.0,7,Without smart next date
9,2026-10-14,18,18,18,14,326.76489427562194,5,Without smart next date
10,2026-10-15,19,17,17,12,330.0,4,Without smart next date
11,2026-10-16,16,16,16,14,330.0,4,Without smart next date
12,2026-10-19,18,18,18,15,330.0,4,Without smart next date
13,2026-10-21,18,18,18,15,321.3535239776681,6,Without smart next date
14,2026-10-22,24,22,22,14,330.0,7,Without smart next date
15,2026-10-23,22,21,21,11,329.6463816836253,6,Without smart next date
16,2026-10-26,21,21,21,14,326.3747766375767,6,Without smart next date
17,2026-10-27,18,18,18,15,330.0,5,Without smart next date
18,2026-10-28,18,18,18,15,330.0,6,Without smart next date
19,2026-10-29,24,24,24,14,330.0,6,Without smart next date
20,2026-10-30,18,18,18,15,318.2594325567517,4,Without smart next date
21,2026-11-02,22,22,22,16,315.88357763644166,5,Without smart next date
22,2026-11-03,27,27,27,13,316.17391249292973,10,Without smart next date
23,2026-11-04,30,30,30,11,312.2218996384109,10,Without smart next date
24,2026-11-05,22,21,21,12,327.563668662239,7,Without smart next date
25,2026-11-06,27,27,27,14,323.78186127096563,9,Without smart next date
26,2026-11-10,18,17,17,14,330.0,3,Without smart next date
27,2026-11-11,21,21,21,19,330.0,5,Without smart next date
28,2026-11-12,17,17,17,16,330.0,5,Without smart next date
29,2026-11-13,22,22,22,12,321.2066160195683,6,Without smart next date
30,2026-11-16,20,20,20,13,317.92196407826253,8,Without smart next date
31,2026-11-17,22,22,22,14,330.0,6,Without smart next date
32,2026-11-18,23,23,23,17,330.0,6,Without smart next date
33,2026-11-19,27,27,27,14,319.9819022624025,7,Without smart next date
34,2026-11-20,25,23,23,14,319.6509364618299,5,Without smart next date
35,2026-11-23,18,18,18,15,330.0,3,Without smart next date
36,2026-11-24,20,20,20,12,330.0,7,Without smart next date
37,2026-11-25,19,18,18,13,328.87087084548193,6,Without smart next date
38,2026-11-26,23,22,22,16,330.0,5,Without smart next date
39,2026-11-27,21,21,21,15,330.0,6,Without smart next date
40,2026-11-30,27,27,27,13,329.321226382248,8,Without smart next date
41,2026-12-01,22,22,22,12,320.5737899665953,8,Without smart next date
42,2026-12-02,21,21,21,15,330.0,7,Without smart next date
43,2026-12-03,20,20,20,16,330.0,7,Without smart next date
44,2026-12-04,24,24,24,14,330.0,7,Without smart next date
45,2026-12-07,22,22,22,16,330.0,4,Without smart next date
46,2026-12-08,18,18,18,13,330.0,4,Without smart next date
47,2026-12-09,19,19,19,16,330.0,4,Without smart next date
48,2026-12-10,18,18,18,14,330.0,6,Without smart next date
49,2026-12-11,23,23,23,16,330.0,7,Without smart next date
50,2026-12-14,22,22,22,11,321.5653303486687,5,Without smart next date
51,2026-12-15,20,20,20,15,330.0,5,Without smart next date
52,2026-12-16,21,21,21,14,330.0,8,Without smart next date
53,2026-12-17,22,22,22,14,330.0,4,Without smart next date
54,2026-12-18,21,21,21,12,330.0,5,Without smart next date
55,2026-12-21,19,19,19,16,330.0,4,Without smart next date
56,2026-12-22,22,22,22,13,330.0,7,Without smart next date
57,2026-12-23,21,21,21,16,330.0,6,Without smart next date
58,2026-12-24,17,14,14,12,330.0,4,Without smart next date
59,2026-12-25,19,19,19,13,330.0,4,Without smart next date
60,2026-12-28,17,16,16,14,326.7542056698994,5,Without smart next date
1,2026-10-01,45,33,33,11,330.0,21,"Readiness levers only (no optimiser, no smart date)"
2,2026-10-05,39,17,17,13,322.43330654640715,2,"Readiness levers only (no optimiser, no smart date)"
3,2026-10-06,43,21,21,13,330.0,14,"Readiness levers only (no optimiser, no smart date)"
4,2026-10-07,43,30,30,14,328.72686324868414,14,"Readiness levers only (no optimiser, no smart date)"
5,2026-10-08,47,25,25,11,330.0,14,"Readiness levers only (no optimiser, no smart date)"
6,2026-10-09,43,25,25,12,326.19856073381925,16,"Readiness levers only (no optimiser, no smart date)"
7,2026-10-12,43,31,31,12,330.0,20,"Readiness levers only (no optimiser, no smart date)"
8,2026-10-13,51,24,24,12,330.0,13,"Readiness levers only (no optimiser, no smart date)"
9,2026-10-14,46,24,24,12,326.4346813922157,12,"Readiness levers only (no optimiser, no smart date)"
10,2026-10-15,45,35,35,14,330.0,20,"Readiness levers only (no optimiser, no smart date)"
11,2026-10-16,48,28,28,13,330.0,15,"Readiness levers only (no optimiser, no smart date)"
12,2026-10-19,49,30,30,12,330.0,17,"Readiness levers only (no optimiser, no smart date)"
13,2026-10-21,54,22,22,12,330.0,8,"Readiness levers only (no optimiser, no smart date)"
14,2026-10-22,54,36,36,11,330.0,17,"Readiness levers only (no optimiser, no smart date)"
15,2026-10-23,51,24,24,14,330.0,13,"Readiness levers only (no optimiser, no smart date)"
16,2026-10-26,53,24,24,14,330.0,13,"Readiness levers only (no optimiser, no smart date)"
17,2026-10-27,55,33,33,12,330.0,19,"Readiness levers only (no optimiser, no smart date)"
18,2026-10-28,57,28,28,13,330.0,16,"Readiness levers only (no optimiser, no smart date)"
19,2026-10-29,54,32,32,13,330.0,12,"Readiness levers only (no optimiser, no smart date)"
20,2026-10-30,51,28,28,12,321.97599574553476,17,"Readiness levers only (no optimiser, no smart date)"
21,2026-11-02,53,32,32,9,327.95100307900725,13,"Readiness levers only (no optimiser, no smart date)"
22,2026-11-03,55,28,28,10,319.67148073813314,14,"Readiness levers only (no optimiser, no smart date)"
23,2026-11-04,56,30,30,13,325.6144027458381,13,"Readiness levers only (no optimiser, no smart date)"
24,2026-11-05,56,26,26,13,330.0,16,"Readiness levers only (no optimiser, no smart date)"
25,2026-11-06,59,24,24,9,318.3677651565531,14,"Readiness levers only (no optimiser, no smart date)"
26,2026-11-10,50,27,27,14,330.0,12,"Readiness levers only (no optimiser, no smart date)"
27,2026-11-11,50,23,23,14,330.0,9,"Readiness levers only (no optimiser, no smart date)"
28,2026-11-12,50,26,26,13,330.0,15,"Readiness levers only (no optimiser, no smart date)"
29,2026-11-13,50,28,28,15,330.0,16,"Readiness levers only (no optimiser, no smart date)"
30,2026-11-16,50,32,32,11,330.0,14,"Readiness levers only (no optimiser, no smart date)"
31,2026-11-17,50,19,19,12,330.0,13,"Readiness levers only (no optimiser, no smart date)"
32,2026-11-18,50,29,29,10,330.0,16,"Readiness levers only (no optimiser, no smart date)"
33,2026-11-19,50,28,28,10,315.8113109795594,15,"Readiness levers only (no optimiser, no smart date)"
34,2026-11-20,50,19,19,14,330.0,10,"Readiness levers only (no optimiser, no smart date)"
35,2026-11-23,50,28,28,14,330.0,16,"Readiness levers only (no optimiser, no smart date)"
36,2026-11-24,50,19,19,10,329.7514537240548,6,"Readiness levers only (no optimiser, no smart date)"
37,2026-11-25,50,21,21,13,330.0,8,"Readiness levers only (no optimiser, no smart date)"
38,2026-11-26,50,25,25,13,330.0,10,"Readiness levers only (no optimiser, no smart date)"
39,2026-11-27,50,21,21,13,330.0,14,"Readiness levers only (no optimiser, no smart date)"
40,2026-11-30,50,28,28,10,318.8047186100757,19,"Readiness levers only (no optimiser, no smart date)"
41,2026-12-01,50,26,26,12,324.69772313022935,14,"Readiness levers only (no optimiser, no smart date)"
42,2026-12-02,50,24,24,14,330.0,16,"Readiness levers only (no optimiser, no smart date)"
43,2026-12-03,50,19,19,12,330.0,10,"Readiness levers only (no optimiser, no smart date)"
44,2026-12-04,60,36,36,9,321.05404183878954,17,"Readiness levers only (no optimiser, no smart date)"
45,2026-12-07,60,20,20,10,330.0,7,"Readiness levers only (no optimiser, no smart date)"
46,2026-12-08,60,27,27,12,330.0,15,"Readiness levers only (no optimiser, no smart date)"
47,2026-12-09,60,28,28,14,324.8032561921615,13,"Readiness levers only (no optimiser, no smart date)"
48,2026-12-10,60,32,32,11,330.0,15,"Readiness levers only (no optimiser, no smart date)"
49,2026-12-11,60,20,20,12,330.0,8,"Readiness levers only (no optimiser, no smart date)"
50,2026-12-14,60,25,25,11,330.0,13,"Readiness levers only (no optimiser, no smart date)"
51,2026-12-15,60,36,36,15,327.84910432426625,15,"Readiness levers only (no optimiser, no smart date)"
52,2026-12-16,60,34,34,11,317.8867323176312,14,"Readiness levers only (no optimiser, no smart date)"
53,2026-12-17,60,34,34,9,312.8290313319179,15,"Readiness levers only (no optimiser, no smart date)"
54,2026-12-18,60,23,23,13,329.8513328686873,11,"Readiness levers only (no optimiser, no smart date)"
55,2026-12-21,60,32,32,12,330.0,11,"Readiness levers only (no optimiser, no smart date)"
56,2026-12-22,60,24,24,10,320.5836178448558,12,"Readiness levers only (no optimiser, no smart date)"
57,2026-12-23,60,24,24,11,330.0,12,"Readiness levers only (no optimiser, no smart date)"
58,2026-12-24,60,33,33,12,330.0,11,"Readiness levers only (no optimiser, no smart date)"
59,2026-12-25,60,25,25,10,330.0,12,"Readiness levers only (no optimiser, no smart date)"
60,2026-12-28,60,30,30,13,330.0,10,"Readiness levers only (no optimiser, no smart date)"
1,2026-10-01,30,30,30,9,264.08555198219744,11,Optimiser only (no readiness levers)
2,2026-10-05,22,22,22,11,330.0,10,Optimiser only (no readiness levers)
3,2026-10-06,23,22,22,13,329.5508389770329,6,Optimiser only (no readiness levers)
4,2026-10-07,22,22,22,14,323.5069769837784,7,Optimiser only (no readiness levers)
5,2026-10-08,26,26,26,9,326.95077610173064,8,Optimiser only (no readiness levers)
6,2026-10-09,26,26,26,9,321.9355948350751,6,Optimiser only (no readiness levers)
7,2026-10-12,20,19,19,14,330.0,5,Optimiser only (no readiness levers)
8,2026-10-13,21,21,21,11,318.5226899874905,7,Optimiser only (no readiness levers)
9,2026-10-14,23,23,23,15,330.0,7,Optimiser only (no readiness levers)
10,2026-10-15,22,21,21,10,324.3638895359487,5,Optimiser only (no readiness levers)
11,2026-10-16,20,20,20,10,320.66261275843874,5,Optimiser only (no readiness levers)
12,2026-10-19,23,23,23,14,330.0,7,Optimiser only (no readiness levers)
13,2026-10-21,22,22,22,13,330.0,6,Optimiser only (no readiness levers)
14,2026-10-22,26,26,26,11,320.3491958134808,6,Optimiser only (no readiness levers)
15,2026-10-23,24,24,24,15,330.0,6,Optimiser only (no readiness levers)
16,2026-10-26,22,22,22,13,317.27150598075303,6,Optimiser only (no readiness levers)
17,2026-10-27,28,28,28,13,324.7526550077932,10,Optimiser only (no readiness levers)
18,2026-10-28,22,22,22,13,330.0,6,Optimiser only (no readiness levers)
19,2026-10-29,22,21,21,12,322.93456407206247,7,Optimiser only (no readiness levers)
20,2026-10-30,26,26,26,15,330.0,9,Optimiser only (no readiness levers)
21,2026-11-02,21,21,21,13,330.0,6,Optimiser only (no readiness levers)
22,2026-11-03,26,26,26,12,319.7169102719208,4,Optimiser only (no readiness levers)
23,2026-11-04,26,26,26,11,316.2524555146604,7,Optimiser only (no readiness levers)
24,2026-11-05,25,25,25,16,330.0,7,Optimiser only (no readiness levers)
25,2026-11-06,21,21,21,13,330.0,7,Optimiser only (no readiness levers)
26,2026-11-10,22,22,22,13,330.0,7,Optimiser only (no readiness levers)
27,2026-11-11,25,25,25,14,330.0,7,Optimiser only (no readiness levers)
28,2026-11-12,20,20,20,9,330.0,5,Optimiser only (no readiness levers)
29,2026-11-13,20,20,20,11,321.55304916357204,5,Optimiser only (no readiness levers)
30,2026-11-16,23,23,23,15,330.0,6,Optimiser only (no readiness levers)
31,2026-11-17,22,22,22,14,330.0,6,Optimiser only (no readiness levers)
32,2026-11-18,23,23,23,12,316.9868503552773,7,Optimiser only (no readiness levers)
33,2026-11-19,29,29,29,11,318.0160969051994,9,Optimiser only (no readiness levers)
34,2026-11-20,20,20,20,9,327.2063696755308,7,Optimiser only (no readiness levers)
35,2026-11-23,25,25,25,15,330.0,7,Optimiser only (no readiness levers)
36,2026-11-24,23,20,20,10,330.0,4,Optimiser only (no readiness levers)
37,2026-11-25,28,28,28,13,329.1844261552119,8,Optimiser only (no readiness levers)
38,2026-11-26,25,25,25,11,325.29317211243324,7,Optimiser only (no readiness levers)
39,2026-11-27,19,18,18,13,330.0,5,Optimiser only (no readiness levers)
40,2026-11-30,22,22,22,13,324.7943432252077,6,Optimiser only (no readiness levers)
41,2026-12-01,25,25,25,11,328.3738532334131,8,Optimiser only (no readiness levers)
42,2026-12-02,22,22,22,13,330.0,7,Optimiser only (no readiness levers)
43,2026-12-03,28,28,28,11,329.19777977869114,8,Optimiser only (no readiness levers)
44,2026-12-04,25,25,25,14,329.2289581206254,9,Optimiser only (no readiness levers)
45,2026-12-07,23,23,23,12,317.9178027934281,5,Optimiser only (no readiness levers)
46,2026-12-08,23,23,23,14,330.0,8,Optimiser only (no readiness levers)
47,2026-12-09,23,23,23,13,317.77309462340884,6,Optimiser only (no readiness levers)
48,2026-12-10,26,26,26,13,317.2335856398197,7,Optimiser only (no readiness levers)
49,2026-12-11,23,23,23,13,330.0,6,Optimiser only (no readiness levers)
50,2026-12-14,28,28,28,10,330.0,7,Optimiser only (no readiness levers)
51,2026-12-15,24,24,24,16,330.0,8,Optimiser only (no readiness levers)
52,2026-12-16,27,27,27,11,330.0,7,Optimiser only (no readiness levers)
53,2026-12-17,28,28,28,11,330.0,9,Optimiser only (no readiness levers)
54,2026-12-18,23,23,23,12,330.0,7,Optimiser only (no readiness levers)
55,2026-12-21,27,27,27,11,330.0,9,Optimiser only (no readiness levers)
56,2026-12-22,28,28,28,15,330.0,8,Optimiser only (no readiness levers)
57,2026-12-23,27,27,27,11,326.75836634627575,8,Optimiser only (no readiness levers)
58,2026-12-24,24,23,23,9,330.0,6,Optimiser only (no readiness levers)
59,2026-12-25,25,25,25,15,330.0,7,Optimiser only (no readiness levers)
60,2026-12-28,26,26,26,12,330.0,7,Optimiser only (no readiness levers)
